{
    "strategy": "swing_stop",
    "buy_p": 0.3216419442793893,
    "max_buy": 14,
    "stop_p": 0.16744801660963737,
    "sell_p": 0.9436046497243455
}