{
    "strategy": "accel_momentum_l2",
    "buy_p": 0.21498304544344554,
    "max_buy": 29,
    "stop_p": 0.02305010837743423,
    "time_cutoff": 0.6635857247665172,
    "depth_threshold": 134.35423974088792,
    "sell_p": 0.9181782507314922
}