{
    "strategy": "grid",
    "buy_p": 0.32546229549649164,
    "max_buy": 7,
    "stop_p": 0.22771264660058954,
    "sell_p": 0.07737574900350937
}