{
    "strategy": "trend_scalp",
    "buy_p": 0.17409986465937982,
    "max_buy": 30,
    "stop_p": 0.020024679679120264,
    "time_cutoff": 0.6507053868316122,
    "depth_threshold": 395.2718251355784,
    "sell_p": 0.9605935366754331
}