{
    "strategy": "swing_no",
    "buy_p": 0.32352034241372674,
    "max_buy": 17,
    "stop_p": 0.18121572599411942,
    "sell_p": 0.9762291459734379
}