{
    "strategy": "swing_hold",
    "buy_p": 0.3226011051994215,
    "max_buy": 11,
    "stop_p": 0.0,
    "sell_p": 0.9495242881574235
}