{
    "strategy": "swing_stop",
    "buy_p": 0.3262774479088084,
    "max_buy": 19,
    "stop_p": 0.18114466743063018,
    "sell_p": 0.976441449851687
}