{
    "strategy": "swing_dual",
    "buy_p": 0.22669633667498296,
    "max_buy": 20,
    "stop_p": -0.1417713449836841,
    "time_cutoff": 0.4675663430212969,
    "depth_threshold": 417.311989856672,
    "sell_p": 0.9518977311974897
}