{
    "strategy": "momentum_dual",
    "buy_p": 0.22357747683255075,
    "max_buy": 30,
    "stop_p": 0.03041004378598112,
    "time_cutoff": 0.6936598524192237,
    "depth_threshold": 155.67220702346253,
    "sell_p": 0.8974521037517195
}