{
    "strategy": "momentum_dual",
    "buy_p": 0.28368193113485574,
    "max_buy": 30,
    "stop_p": 0.02670117374365551,
    "time_cutoff": 0.6696779386509978,
    "depth_threshold": 117.70846110718604,
    "sell_p": 0.8391392397920595
}