{
    "strategy": "swing_dual",
    "buy_p": 0.23688386925042695,
    "max_buy": 20,
    "stop_p": -0.22088007973886972,
    "time_cutoff": 0.4663724640270409,
    "depth_threshold": 432.86112252300904,
    "sell_p": 0.9453589804754049
}