{
    "strategy": "accel_momentum",
    "buy_p": 0.28106978975206975,
    "max_buy": 30,
    "stop_p": 0.023650019131189234,
    "time_cutoff": 0.8156514852894469,
    "depth_threshold": 241.8622766893801,
    "sell_p": 0.9152637597169202
}