{
    "strategy": "trend_scalp",
    "buy_p": 0.17156503351940994,
    "max_buy": 29,
    "stop_p": 0.02005604898666175,
    "time_cutoff": 0.6205077288787054,
    "depth_threshold": 393.6649247726446,
    "sell_p": 0.9359125929598567
}